Data,Loja,Produto_ID,Cliente_ID,Valor_Venda,Quantidade
2023-01-01 00:00:00.000000000,Curitiba,P0012,C0085,425.66,1
2023-01-01 08:44:41.081081081,Salvador,P0044,C0129,1758.1,3
2023-01-01 17:29:22.162162162,Belo Horizonte,P0036,C0008,1761.57,4
2023-01-02 02:14:03.243243243,Salvador,P0048,C0157,1743.75,3
2023-01-02 10:58:44.324324324,Salvador,P0004,C0096,492.82,4
2023-01-02 19:43:25.405405405,Rio de Janeiro,P0005,,913.45,2
2023-01-03 04:28:06.486486486,Belo Horizonte,P0037,C0005,1970.28,5
2023-01-03 13:12:47.567567567,Belo Horizonte,P0008,C0086,1548.58,4
2023-01-03 21:57:28.648648648,Belo Horizonte,P0042,C0175,73.79,1
2023-01-04 06:42:09.729729729,Salvador,P0049,C0034,149.11,3
2023-01-04 15:26:50.810810810,Curitiba,P0028,C0193,938.58,2
2023-01-05 00:11:31.891891891,Belo Horizonte,P0031,C0055,1820.26,1
2023-01-05 08:56:12.972972973,Salvador,P0009,C0119,1086.63,2
2023-01-05 17:40:54.054054054,Rio de Janeiro,P0029,C0171,1005.67,5
2023-01-06 02:25:35.135135135,Curitiba,P0014,C0158,228.84,3
2023-01-06 11:10:16.216216216,Rio de Janeiro,P0040,C0114,1320.42,3
2023-01-06 19:54:57.297297297,Curitiba,P0041,C0145,1647.76,5
2023-01-07 04:39:38.378378378,Salvador,P0022,C0026,773.23,3
2023-01-07 13:24:19.459459459,São Paulo,P0011,C0136,1555.71,4
2023-01-07 22:09:00.540540540,Curitiba,P0023,C0047,1929.66,2
2023-01-08 06:53:41.621621621,Rio de Janeiro,P0001,C0113,423.46,1
2023-01-08 15:38:22.702702702,Salvador,P0046,C0076,1056.19,5
2023-01-09 00:23:03.783783783,Curitiba,P0037,C0072,588.53,4
2023-01-09 09:07:44.864864864,São Paulo,P0021,C0089,1589.85,1
2023-01-09 17:52:25.945945946,São Paulo,P0026,C0046,1163.63,1
2023-01-10 02:37:07.027027027,Belo Horizonte,P0046,C0196,1276.47,5
2023-01-10 11:21:48.108108108,Belo Horizonte,P0036,C0033,1599.87,4
2023-01-10 20:06:29.189189189,Rio de Janeiro,P0023,C0001,804.02,1
2023-01-11 04:51:10.270270270,Curitiba,P0001,C0147,1831.88,1
2023-01-11 13:35:51.351351351,Curitiba,P0040,C0031,1075.4,4
2023-01-11 22:20:32.432432432,Belo Horizonte,P0015,C0142,332.75,3
2023-01-12 07:05:13.513513513,Curitiba,P0021,C0053,1397.88,1
2023-01-12 15:49:54.594594594,Curitiba,P0047,C0048,1590.66,2
2023-01-13 00:34:35.675675675,São Paulo,P0009,C0069,647.19,4
2023-01-13 09:19:16.756756756,Belo Horizonte,P0009,C0105,1717.21,1
2023-01-13 18:03:57.837837837,Salvador,P0010,C0090,1814.16,5
2023-01-14 02:48:38.918918919,Belo Horizonte,P0026,C0190,568.27,2
2023-01-14 11:33:20.000000000,Salvador,P0041,C0194,1967.37,1
2023-01-14 20:18:01.081081081,São Paulo,P0035,C0192,298.61,2
2023-01-15 05:02:42.162162162,Rio de Janeiro,P0025,C0198,419.99,2
2023-01-15 13:47:23.243243243,Curitiba,P0026,C0063,384.77,3
2023-01-15 22:32:04.324324324,São Paulo,P0011,C0073,1790.1,2
2023-01-16 07:16:45.405405405,Curitiba,P0038,C0161,1315.5,3
2023-01-16 16:01:26.486486486,Rio de Janeiro,P0002,C0169,321.17,4
2023-01-17 00:46:07.567567567,Rio de Janeiro,P0007,C0089,891.84,3
2023-01-17 09:30:48.648648648,São Paulo,P0018,C0176,1238.29,5
2023-01-17 18:15:29.729729729,Rio de Janeiro,P0027,C0013,185.26,1
2023-01-18 03:00:10.810810810,Salvador,P0034,C0073,1767.18,4
2023-01-18 11:44:51.891891892,Rio de Janeiro,P0027,C0077,1611.14,4
2023-01-18 20:29:32.972972973,Curitiba,P0017,C0159,1020.31,5
2023-01-19 05:14:14.054054054,Curitiba,P0043,C0068,1934.91,3
2023-01-19 13:58:55.135135135,Curitiba,P0044,C0098,847.17,1
2023-01-19 22:43:36.216216216,Curitiba,P0024,C0125,1968.54,3
2023-01-20 07:28:17.297297297,Salvador,P0025,C0102,1342.48,2
2023-01-20 16:12:58.378378378,Belo Horizonte,P0007,C0132,1276.65,3
2023-01-21 00:57:39.459459459,São Paulo,P0006,C0102,348.59,4
2023-01-21 09:42:20.540540540,Curitiba,P0024,C0019,1766.22,1
2023-01-21 18:27:01.621621621,Rio de Janeiro,P0033,C0198,866.43,3
2023-01-22 03:11:42.702702702,Curitiba,P0049,C0082,341.22,1
2023-01-22 11:56:23.783783783,Rio de Janeiro,P0029,C0141,44.96,1
2023-01-22 20:41:04.864864865,Rio de Janeiro,P0043,C0023,1128.32,2
2023-01-23 05:25:45.945945946,Curitiba,P0022,C0083,1064.25,2
2023-01-23 14:10:27.027027027,Salvador,P0026,C0109,1444.32,4
2023-01-23 22:55:08.108108108,Rio de Janeiro,P0028,C0075,1782.71,5
2023-01-24 07:39:49.189189189,Rio de Janeiro,P0050,C0129,177.23,1
2023-01-24 16:24:30.270270270,Curitiba,P0021,C0088,1468.36,5
2023-01-25 01:09:11.351351351,Rio de Janeiro,P0049,C0054,391.08,4
2023-01-25 09:53:52.432432432,Rio de Janeiro,P0007,C0199,1719.19,1
2023-01-25 18:38:33.513513513,Curitiba,P0017,C0089,1641.75,1
2023-01-26 03:23:14.594594594,Curitiba,P0020,C0143,1090.77,5
2023-01-26 12:07:55.675675675,São Paulo,P0041,C0065,1426.28,3
2023-01-26 20:52:36.756756756,Salvador,P0049,C0076,642.41,2
2023-01-27 05:37:17.837837838,Salvador,P0020,C0199,952.91,3
2023-01-27 14:21:58.918918919,Rio de Janeiro,P0022,C0143,1646.84,5
2023-01-27 23:06:40.000000000,Salvador,P0028,C0149,929.35,2
2023-01-28 07:51:21.081081081,Rio de Janeiro,P0040,C0147,728.44,3
2023-01-28 16:36:02.162162162,São Paulo,P0049,C0060,998.54,2
2023-01-29 01:20:43.243243243,Curitiba,P0007,C0093,1659.93,1
2023-01-29 10:05:24.324324324,Curitiba,P0001,C0161,683.71,3
2023-01-29 18:50:05.405405405,Curitiba,P0032,C0049,364.05,2
2023-01-30 03:34:46.486486486,Salvador,P0013,C0035,1429.79,2
2023-01-30 12:19:27.567567567,São Paulo,P0030,C0172,1655.44,2
2023-01-30 21:04:08.648648648,Salvador,P0023,C0102,219.26,3
2023-01-31 05:48:49.729729730,Salvador,P0019,C0011,494.95,4
2023-01-31 14:33:30.810810811,São Paulo,P0032,C0099,301.1,3
2023-01-31 23:18:11.891891892,São Paulo,P0030,C0200,708.92,5
2023-02-01 08:02:52.972972973,São Paulo,P0029,C0110,911.69,3
2023-02-01 16:47:34.054054054,São Paulo,P0049,C0074,1502.68,2
2023-02-02 01:32:15.135135135,Curitiba,P0045,C0194,1309.27,1
2023-02-02 10:16:56.216216216,Belo Horizonte,P0029,C0174,1249.44,3
2023-02-02 19:01:37.297297297,Belo Horizonte,P0030,C0009,717.7,3
2023-02-03 03:46:18.378378378,São Paulo,P0016,C0003,1686.07,2
2023-02-03 12:30:59.459459459,Belo Horizonte,P0040,C0085,953.15,1
2023-02-03 21:15:40.540540540,Belo Horizonte,P0019,C0026,1958.63,1
2023-02-04 06:00:21.621621621,São Paulo,P0018,C0072,1275.6,5
2023-02-04 14:45:02.702702703,Belo Horizonte,P0001,,270.0,3
2023-02-04 23:29:43.783783784,Salvador,P0014,C0194,1358.83,1
2023-02-05 08:14:24.864864865,Rio de Janeiro,P0047,C0198,663.71,1
2023-02-05 16:59:05.945945946,Rio de Janeiro,P0050,C0156,1378.93,4
2023-02-06 01:43:47.027027027,São Paulo,P0002,C0117,157.89,4
2023-02-06 10:28:28.108108108,Curitiba,P0028,C0154,366.27,1
2023-02-06 19:13:09.189189189,São Paulo,P0049,C0153,1714.36,5
2023-02-07 03:57:50.270270270,Curitiba,P0050,C0012,469.82,1
2023-02-07 12:42:31.351351351,Rio de Janeiro,P0030,C0133,1677.34,2
2023-02-07 21:27:12.432432432,São Paulo,P0038,C0048,572.97,3
2023-02-08 06:11:53.513513513,Salvador,P0004,,1292.91,5
2023-02-08 14:56:34.594594594,Belo Horizonte,P0001,C0044,1394.42,2
2023-02-08 23:41:15.675675676,Curitiba,P0008,C0015,1035.06,5
2023-02-09 08:25:56.756756757,Belo Horizonte,P0029,C0043,624.52,2
2023-02-09 17:10:37.837837838,Belo Horizonte,P0039,C0176,441.04,3
2023-02-10 01:55:18.918918919,São Paulo,P0003,C0087,85.71,3
2023-02-10 10:40:00.000000000,Belo Horizonte,P0032,C0070,621.81,4
2023-02-10 19:24:41.081081081,Salvador,P0010,C0046,1313.26,2
2023-02-11 04:09:22.162162162,Belo Horizonte,P0010,C0108,1877.84,4
2023-02-11 12:54:03.243243243,São Paulo,P0019,C0123,1744.98,2
2023-02-11 21:38:44.324324324,Salvador,P0046,C0171,1536.81,4
2023-02-12 06:23:25.405405405,Rio de Janeiro,P0034,C0021,1581.13,3
2023-02-12 15:08:06.486486486,Belo Horizonte,P0033,C0151,1336.67,5
2023-02-12 23:52:47.567567567,São Paulo,P0023,C0107,535.37,4
2023-02-13 08:37:28.648648649,Rio de Janeiro,P0028,C0080,1816.25,2
2023-02-13 17:22:09.729729730,Rio de Janeiro,P0032,C0047,1348.05,2
2023-02-14 02:06:50.810810811,Curitiba,P0050,C0117,1129.67,3
2023-02-14 10:51:31.891891892,Salvador,P0007,C0124,239.76,2
2023-02-14 19:36:12.972972973,Belo Horizonte,P0029,C0143,905.17,1
2023-02-15 04:20:54.054054054,São Paulo,P0008,C0025,931.51,5
2023-02-15 13:05:35.135135135,Curitiba,P0001,C0036,1731.84,4
2023-02-15 21:50:16.216216216,Salvador,P0003,C0051,1102.36,5
2023-02-16 06:34:57.297297297,Curitiba,P0024,C0015,773.19,3
2023-02-16 15:19:38.378378378,Salvador,P0023,C0068,1954.06,4
2023-02-17 00:04:19.459459459,Salvador,P0008,C0021,239.23,4
2023-02-17 08:49:00.540540540,Belo Horizonte,P0047,C0141,856.65,1
2023-02-17 17:33:41.621621621,Salvador,P0037,C0019,103.21,3
2023-02-18 02:18:22.702702703,Curitiba,P0003,C0034,1485.01,2
2023-02-18 11:03:03.783783784,Salvador,P0033,C0078,1837.79,1
2023-02-18 19:47:44.864864865,Belo Horizonte,P0028,C0125,574.47,1
2023-02-19 04:32:25.945945946,Belo Horizonte,P0047,C0196,1719.52,5
2023-02-19 13:17:07.027027027,Curitiba,P0008,C0117,598.59,5
2023-02-19 22:01:48.108108108,Rio de Janeiro,P0034,C0052,1823.32,5
2023-02-20 06:46:29.189189189,Rio de Janeiro,P0035,C0027,1512.84,1
2023-02-20 15:31:10.270270270,Salvador,P0032,C0157,1613.72,2
2023-02-21 00:15:51.351351351,São Paulo,P0024,C0156,55.65,4
2023-02-21 09:00:32.432432432,Salvador,P0014,C0035,1926.36,5
2023-02-21 17:45:13.513513513,Curitiba,P0032,C0136,1458.81,2
2023-02-22 02:29:54.594594594,Curitiba,P0046,C0144,623.41,3
2023-02-22 11:14:35.675675676,Curitiba,P0043,C0106,1662.2,5
2023-02-22 19:59:16.756756757,Curitiba,P0016,C0164,577.41,4
2023-02-23 04:43:57.837837838,Curitiba,P0004,C0158,1748.05,3
2023-02-23 13:28:38.918918919,Belo Horizonte,P0037,C0146,242.91,3
2023-02-23 22:13:20.000000000,Rio de Janeiro,P0021,C0002,1413.3,4
2023-02-24 06:58:01.081081081,Curitiba,P0014,C0177,1090.58,5
2023-02-24 15:42:42.162162162,São Paulo,P0031,C0077,211.14,1
2023-02-25 00:27:23.243243243,São Paulo,P0048,C0132,498.95,4
2023-02-25 09:12:04.324324324,São Paulo,P0018,C0090,44.56,4
2023-02-25 17:56:45.405405406,São Paulo,P0007,C0089,948.16,4
2023-02-26 02:41:26.486486487,Belo Horizonte,P0010,C0094,616.51,3
2023-02-26 11:26:07.567567568,São Paulo,P0007,C0007,1204.75,2
2023-02-26 20:10:48.648648649,Curitiba,P0033,C0095,608.53,1
2023-02-27 04:55:29.729729730,Salvador,P0023,C0108,613.84,5
2023-02-27 13:40:10.810810811,São Paulo,P0021,C0074,1491.52,5
2023-02-27 22:24:51.891891892,Belo Horizonte,P0019,C0039,115.32,2
2023-02-28 07:09:32.972972973,Belo Horizonte,P0048,C0141,1807.73,4
2023-02-28 15:54:14.054054054,São Paulo,P0019,C0159,1707.48,1
2023-03-01 00:38:55.135135135,Salvador,P0036,C0071,1342.25,5
2023-03-01 09:23:36.216216216,São Paulo,P0029,C0191,1194.58,5
2023-03-01 18:08:17.297297297,Belo Horizonte,P0018,C0056,1786.76,4
2023-03-02 02:52:58.378378379,Rio de Janeiro,P0002,C0170,386.95,2
2023-03-02 11:37:39.459459460,Curitiba,P0001,C0189,176.36,1
2023-03-02 20:22:20.540540541,Belo Horizonte,P0047,C0042,494.23,2
2023-03-03 05:07:01.621621622,São Paulo,P0005,C0184,1593.26,2
2023-03-03 13:51:42.702702703,Curitiba,P0020,C0036,88.65,1
2023-03-03 22:36:23.783783784,São Paulo,P0011,C0084,1173.96,1
2023-03-04 07:21:04.864864865,São Paulo,P0042,C0196,1990.97,5
2023-03-04 16:05:45.945945946,Rio de Janeiro,P0002,C0118,1714.28,5
2023-03-05 00:50:27.027027027,Curitiba,P0003,C0007,1052.46,1
2023-03-05 09:35:08.108108108,Curitiba,P0023,C0054,146.01,3
2023-03-05 18:19:49.189189189,Rio de Janeiro,P0012,C0129,1666.12,5
2023-03-06 03:04:30.270270270,Belo Horizonte,P0020,C0172,1205.98,3
2023-03-06 11:49:11.351351352,São Paulo,P0005,C0120,247.57,1
2023-03-06 20:33:52.432432433,Salvador,P0037,C0173,205.84,5
2023-03-07 05:18:33.513513514,São Paulo,P0038,C0106,1821.06,2
2023-03-07 14:03:14.594594595,São Paulo,P0030,C0047,1345.02,1
2023-03-07 22:47:55.675675676,Belo Horizonte,P0009,C0123,1661.99,4
2023-03-08 07:32:36.756756757,São Paulo,P0034,C0141,1760.38,3
2023-03-08 16:17:17.837837838,Rio de Janeiro,P0044,C0119,1152.11,1
2023-03-09 01:01:58.918918919,Rio de Janeiro,P0035,C0150,1044.54,1
2023-03-09 09:46:40.000000000,Curitiba,P0022,C0118,872.25,5
2023-03-09 18:31:21.081081081,Salvador,P0044,C0021,647.55,5
2023-03-10 03:16:02.162162162,São Paulo,P0024,C0137,880.5,5
2023-03-10 12:00:43.243243243,São Paulo,P0017,C0026,1552.28,4
2023-03-10 20:45:24.324324325,Belo Horizonte,P0010,C0009,1211.81,5
2023-03-11 05:30:05.405405406,Rio de Janeiro,P0030,C0015,1787.2,1
2023-03-11 14:14:46.486486487,Salvador,P0046,C0010,897.89,5
2023-03-11 22:59:27.567567568,Curitiba,P0023,C0122,1222.04,2
2023-03-12 07:44:08.648648649,Rio de Janeiro,P0032,C0121,1269.99,5
2023-03-12 16:28:49.729729730,Curitiba,P0017,C0125,1191.56,4
2023-03-13 01:13:30.810810811,Belo Horizonte,P0050,C0170,1411.21,2
2023-03-13 09:58:11.891891892,Belo Horizonte,P0017,C0072,490.12,1
2023-03-13 18:42:52.972972973,São Paulo,P0014,C0152,1034.48,1
2023-03-14 03:27:34.054054054,Salvador,P0009,C0049,226.37,3
2023-03-14 12:12:15.135135135,Curitiba,P0040,C0154,781.33,2
2023-03-14 20:56:56.216216216,Rio de Janeiro,P0002,C0091,985.58,3
2023-03-15 05:41:37.297297297,Belo Horizonte,P0045,,1311.4,2
2023-03-15 14:26:18.378378379,São Paulo,P0025,C0068,1902.05,2
2023-03-15 23:10:59.459459460,São Paulo,P0039,C0050,1209.29,4
2023-03-16 07:55:40.540540541,Curitiba,P0009,C0152,1492.32,3
2023-03-16 16:40:21.621621622,Belo Horizonte,P0022,C0019,1022.41,4
2023-03-17 01:25:02.702702703,Salvador,P0043,C0100,1275.53,2
2023-03-17 10:09:43.783783784,Belo Horizonte,P0046,C0060,160.45,1
2023-03-17 18:54:24.864864865,Curitiba,P0004,C0167,523.7,2
2023-03-18 03:39:05.945945946,Curitiba,P0026,C0089,736.47,4
2023-03-18 12:23:47.027027027,Belo Horizonte,P0029,C0146,955.54,3
2023-03-18 21:08:28.108108108,Curitiba,P0045,,110.38,3
2023-03-19 05:53:09.189189189,Belo Horizonte,P0034,C0164,297.25,4
2023-03-19 14:37:50.270270270,Rio de Janeiro,P0023,C0183,568.09,3
2023-03-19 23:22:31.351351352,Belo Horizonte,P0037,C0069,1943.63,5
2023-03-20 08:07:12.432432433,Belo Horizonte,P0011,C0175,676.07,1
2023-03-20 16:51:53.513513514,Curitiba,P0006,C0049,974.44,1
2023-03-21 01:36:34.594594595,Curitiba,P0018,C0108,408.27,1
2023-03-21 10:21:15.675675676,São Paulo,P0021,C0161,1229.34,3
2023-03-21 19:05:56.756756757,São Paulo,P0042,C0119,575.75,3
2023-03-22 03:50:37.837837838,Rio de Janeiro,P0036,C0149,429.85,2
2023-03-22 12:35:18.918918919,São Paulo,P0041,C0150,1042.81,2
2023-03-22 21:20:00.000000000,Belo Horizonte,P0038,C0176,30.9,1
2023-03-23 06:04:41.081081081,Curitiba,P0034,C0037,35.17,5
2023-03-23 14:49:22.162162162,São Paulo,P0017,C0143,453.76,2
2023-03-23 23:34:03.243243243,São Paulo,P0037,C0163,92.71,2
2023-03-24 08:18:44.324324325,Rio de Janeiro,P0025,C0199,233.89,3
2023-03-24 17:03:25.405405406,Rio de Janeiro,P0038,C0160,690.94,5
2023-03-25 01:48:06.486486487,Belo Horizonte,P0012,C0011,1609.12,1
2023-03-25 10:32:47.567567568,Curitiba,P0023,C0138,1152.66,2
2023-03-25 19:17:28.648648649,Rio de Janeiro,P0042,C0078,1035.08,5
2023-03-26 04:02:09.729729730,São Paulo,P0022,C0077,601.11,5
2023-03-26 12:46:50.810810811,Curitiba,P0021,C0185,1864.87,1
2023-03-26 21:31:31.891891892,Curitiba,P0027,C0153,806.09,5
2023-03-27 06:16:12.972972973,São Paulo,P0031,C0002,192.44,5
2023-03-27 15:00:54.054054054,Rio de Janeiro,P0006,C0064,1241.79,5
2023-03-27 23:45:35.135135135,São Paulo,P0027,C0035,245.4,2
2023-03-28 08:30:16.216216216,Curitiba,P0040,C0007,703.54,1
2023-03-28 17:14:57.297297298,Salvador,P0034,C0085,1024.68,5
2023-03-29 01:59:38.378378379,Salvador,P0012,C0146,1750.96,5
2023-03-29 10:44:19.459459460,Belo Horizonte,P0045,C0067,997.22,2
2023-03-29 19:29:00.540540541,São Paulo,P0007,C0042,1410.47,1
2023-03-30 04:13:41.621621622,São Paulo,P0010,C0118,1985.78,3
2023-03-30 12:58:22.702702703,Belo Horizonte,P0045,C0125,280.35,2
2023-03-30 21:43:03.783783784,Belo Horizonte,P0017,C0167,563.97,1
2023-03-31 06:27:44.864864865,Belo Horizonte,P0026,C0169,801.26,5
2023-03-31 15:12:25.945945946,Curitiba,P0021,C0024,855.22,1
2023-03-31 23:57:07.027027027,São Paulo,P0028,C0188,833.82,1
2023-04-01 08:41:48.108108108,Curitiba,P0046,C0046,1817.07,1
2023-04-01 17:26:29.189189189,Belo Horizonte,P0002,C0019,1433.78,3
2023-04-02 02:11:10.270270271,São Paulo,P0043,C0068,1223.65,1
2023-04-02 10:55:51.351351352,Curitiba,P0001,C0102,632.56,3
2023-04-02 19:40:32.432432433,Curitiba,P0036,C0042,1651.1,5
2023-04-03 04:25:13.513513514,Belo Horizonte,P0026,C0032,1911.02,3
2023-04-03 13:09:54.594594595,São Paulo,P0029,C0167,1645.97,5
2023-04-03 21:54:35.675675676,Belo Horizonte,P0021,C0109,23.1,5
2023-04-04 06:39:16.756756757,São Paulo,P0011,C0036,1280.07,3
2023-04-04 15:23:57.837837838,Salvador,P0040,C0097,121.25,2
2023-04-05 00:08:38.918918919,Rio de Janeiro,P0011,C0164,530.06,4
2023-04-05 08:53:20.000000000,Rio de Janeiro,P0036,C0131,137.86,1
2023-04-05 17:38:01.081081081,Rio de Janeiro,P0049,C0073,1215.51,4
2023-04-06 02:22:42.162162162,Belo Horizonte,P0039,C0136,1379.45,1
2023-04-06 11:07:23.243243243,Salvador,P0040,C0097,246.69,1
2023-04-06 19:52:04.324324325,São Paulo,P0035,C0123,780.0,5
2023-04-07 04:36:45.405405406,Curitiba,P0034,C0070,923.35,1
2023-04-07 13:21:26.486486487,São Paulo,P0047,C0169,750.72,1
2023-04-07 22:06:07.567567568,Curitiba,P0024,C0196,259.63,3
2023-04-08 06:50:48.648648649,São Paulo,P0022,C0013,849.52,4
2023-04-08 15:35:29.729729730,Salvador,P0005,C0049,1507.33,3
2023-04-09 00:20:10.810810811,Curitiba,P0033,C0060,160.6,1
2023-04-09 09:04:51.891891892,Belo Horizonte,P0036,C0130,178.76,5
2023-04-09 17:49:32.972972973,São Paulo,P0047,C0188,722.45,3
2023-04-10 02:34:14.054054054,São Paulo,P0020,C0005,1884.62,3
2023-04-10 11:18:55.135135135,Curitiba,P0019,C0172,1343.77,2
2023-04-10 20:03:36.216216216,Belo Horizonte,P0035,C0027,1363.77,1
2023-04-11 04:48:17.297297298,Belo Horizonte,P0043,C0160,736.6,5
2023-04-11 13:32:58.378378379,Salvador,P0017,C0149,1195.45,3
2023-04-11 22:17:39.459459460,Belo Horizonte,P0045,C0008,40.06,3
2023-04-12 07:02:20.540540541,Belo Horizonte,P0043,C0200,1279.47,5
2023-04-12 15:47:01.621621622,Belo Horizonte,P0034,C0050,1828.31,1
2023-04-13 00:31:42.702702703,Rio de Janeiro,P0009,C0067,1232.9,2
2023-04-13 09:16:23.783783784,Salvador,P0026,C0044,1749.92,3
2023-04-13 18:01:04.864864865,São Paulo,P0002,C0125,1453.47,2
2023-04-14 02:45:45.945945946,Curitiba,P0009,C0058,258.71,4
2023-04-14 11:30:27.027027027,São Paulo,P0009,C0003,1806.86,1
2023-04-14 20:15:08.108108108,Salvador,P0040,C0086,151.56,4
2023-04-15 04:59:49.189189189,Curitiba,P0017,C0070,1077.26,4
2023-04-15 13:44:30.270270270,Salvador,P0001,C0130,301.43,4
2023-04-15 22:29:11.351351352,Belo Horizonte,P0025,C0172,43.18,1
2023-04-16 07:13:52.432432432,Curitiba,P0043,C0002,855.63,1
2023-04-16 15:58:33.513513514,Belo Horizonte,P0040,C0102,604.18,5
2023-04-17 00:43:14.594594594,São Paulo,P0042,C0035,982.28,2
2023-04-17 09:27:55.675675676,São Paulo,P0025,C0098,1162.86,2
2023-04-17 18:12:36.756756758,Curitiba,P0039,C0030,106.6,5
2023-04-18 02:57:17.837837838,Curitiba,P0035,C0116,263.55,5
2023-04-18 11:41:58.918918920,Salvador,P0003,C0008,1126.11,4
2023-04-18 20:26:40.000000000,Salvador,P0050,C0150,699.47,5
2023-04-19 05:11:21.081081082,Belo Horizonte,P0037,C0044,1463.76,3
2023-04-19 13:56:02.162162162,Curitiba,P0044,C0186,1311.54,2
2023-04-19 22:40:43.243243244,São Paulo,P0044,C0036,1694.3,5
2023-04-20 07:25:24.324324324,Salvador,P0030,C0197,1391.14,3
2023-04-20 16:10:05.405405406,Salvador,P0038,C0077,871.26,3
2023-04-21 00:54:46.486486486,São Paulo,P0034,C0031,1352.47,3
2023-04-21 09:39:27.567567568,Salvador,P0012,C0047,565.25,3
2023-04-21 18:24:08.648648648,Belo Horizonte,P0019,C0055,626.5,4
2023-04-22 03:08:49.729729730,Curitiba,P0037,C0106,1582.19,3
2023-04-22 11:53:30.810810812,São Paulo,P0044,C0190,903.91,4
2023-04-22 20:38:11.891891892,Curitiba,P0049,C0158,1600.79,4
2023-04-23 05:22:52.972972974,Salvador,P0017,C0121,1648.4,3
2023-04-23 14:07:34.054054054,Salvador,P0010,C0055,1717.97,2
2023-04-23 22:52:15.135135136,São Paulo,P0049,C0144,1834.94,3
2023-04-24 07:36:56.216216216,Belo Horizonte,P0047,C0012,873.35,3
2023-04-24 16:21:37.297297298,Rio de Janeiro,P0012,C0145,651.36,3
2023-04-25 01:06:18.378378378,São Paulo,P0016,C0144,1172.75,2
2023-04-25 09:50:59.459459460,Rio de Janeiro,P0024,C0140,754.92,1
2023-04-25 18:35:40.540540540,Rio de Janeiro,P0019,C0136,1210.13,1
2023-04-26 03:20:21.621621622,Belo Horizonte,P0008,C0003,1417.06,4
2023-04-26 12:05:02.702702704,Rio de Janeiro,P0031,C0144,1383.04,4
2023-04-26 20:49:43.783783784,Rio de Janeiro,P0021,C0030,761.61,2
2023-04-27 05:34:24.864864866,Belo Horizonte,P0017,C0023,350.38,5
2023-04-27 14:19:05.945945946,Rio de Janeiro,P0023,C0092,872.45,1
2023-04-27 23:03:47.027027028,Rio de Janeiro,P0037,C0115,302.34,4
2023-04-28 07:48:28.108108108,Rio de Janeiro,P0016,C0104,1782.39,1
2023-04-28 16:33:09.189189190,São Paulo,P0006,C0118,704.84,2
2023-04-29 01:17:50.270270270,São Paulo,P0008,C0005,325.83,2
2023-04-29 10:02:31.351351352,São Paulo,P0025,C0104,70.39,5
2023-04-29 18:47:12.432432432,Belo Horizonte,P0018,C0108,1298.73,5
2023-04-30 03:31:53.513513514,Salvador,P0025,C0065,1281.07,2
2023-04-30 12:16:34.594594594,Rio de Janeiro,P0012,C0121,694.4,4
2023-04-30 21:01:15.675675676,Rio de Janeiro,P0015,C0030,161.99,1
2023-05-01 05:45:56.756756758,Belo Horizonte,P0026,C0149,831.07,3
2023-05-01 14:30:37.837837838,Rio de Janeiro,P0041,C0084,636.21,5
2023-05-01 23:15:18.918918920,São Paulo,P0045,C0198,1360.7,3
2023-05-02 08:00:00.000000000,Salvador,P0026,C0150,1219.44,4
2023-05-02 16:44:41.081081082,Curitiba,P0047,C0200,741.9,5
2023-05-03 01:29:22.162162162,Rio de Janeiro,P0032,C0032,451.43,3
2023-05-03 10:14:03.243243244,São Paulo,P0010,C0161,1976.31,4
2023-05-03 18:58:44.324324324,Curitiba,P0016,C0016,918.92,1
2023-05-04 03:43:25.405405406,Salvador,P0007,C0038,1382.78,4
2023-05-04 12:28:06.486486486,Curitiba,P0017,C0142,298.29,5
2023-05-04 21:12:47.567567568,São Paulo,P0023,C0036,981.47,2
2023-05-05 05:57:28.648648648,Curitiba,P0026,C0151,74.52,1
2023-05-05 14:42:09.729729730,Belo Horizonte,P0021,C0114,1020.8,3
2023-05-05 23:26:50.810810812,Curitiba,P0022,C0066,1928.75,5
2023-05-06 08:11:31.891891892,Rio de Janeiro,P0007,C0105,780.73,2
2023-05-06 16:56:12.972972974,Rio de Janeiro,P0014,C0085,97.21,4
2023-05-07 01:40:54.054054054,Belo Horizonte,P0015,C0002,81.29,2
2023-05-07 10:25:35.135135136,São Paulo,P0007,C0193,788.21,5
2023-05-07 19:10:16.216216216,Rio de Janeiro,P0009,C0075,336.85,5
2023-05-08 03:54:57.297297298,Salvador,P0048,C0067,66.24,2
2023-05-08 12:39:38.378378378,Rio de Janeiro,P0008,C0180,1517.3,4
2023-05-08 21:24:19.459459460,Rio de Janeiro,P0050,C0190,927.88,2
2023-05-09 06:09:00.540540540,São Paulo,P0023,C0151,592.7,5
2023-05-09 14:53:41.621621622,Curitiba,P0029,C0154,1802.16,5
2023-05-09 23:38:22.702702704,Rio de Janeiro,P0018,C0196,249.96,3
2023-05-10 08:23:03.783783784,Belo Horizonte,P0031,C0055,1912.72,3
2023-05-10 17:07:44.864864866,Curitiba,P0030,C0006,641.65,1
2023-05-11 01:52:25.945945946,Salvador,P0039,C0163,1779.04,5
2023-05-11 10:37:07.027027028,São Paulo,P0035,C0150,1213.83,3
2023-05-11 19:21:48.108108108,Salvador,P0018,C0171,1656.88,2
2023-05-12 04:06:29.189189190,Curitiba,P0042,C0143,1968.35,4
2023-05-12 12:51:10.270270270,Curitiba,P0039,C0086,591.04,2
2023-05-12 21:35:51.351351352,Curitiba,P0017,C0060,1923.05,4
2023-05-13 06:20:32.432432432,Salvador,P0014,C0101,791.17,3
2023-05-13 15:05:13.513513514,Curitiba,P0031,C0012,783.31,1
2023-05-13 23:49:54.594594594,Salvador,P0024,C0049,693.97,2
2023-05-14 08:34:35.675675676,Curitiba,P0035,C0042,1091.99,2
2023-05-14 17:19:16.756756758,Belo Horizonte,P0044,C0166,325.21,2
2023-05-15 02:03:57.837837838,Curitiba,P0045,C0082,1116.35,4
2023-05-15 10:48:38.918918920,Salvador,P0034,C0173,1092.58,3
2023-05-15 19:33:20.000000000,Rio de Janeiro,P0003,C0035,1528.57,2
2023-05-16 04:18:01.081081082,Curitiba,P0037,C0158,1670.63,2
2023-05-16 13:02:42.162162162,Rio de Janeiro,P0043,C0158,892.07,1
2023-05-16 21:47:23.243243244,Belo Horizonte,P0040,C0134,618.62,1
2023-05-17 06:32:04.324324324,São Paulo,P0026,C0067,533.48,3
2023-05-17 15:16:45.405405406,Belo Horizonte,P0023,,405.36,3
2023-05-18 00:01:26.486486486,Curitiba,P0044,C0007,134.14,5
2023-05-18 08:46:07.567567568,Rio de Janeiro,P0039,C0180,698.05,1
2023-05-18 17:30:48.648648650,Rio de Janeiro,P0015,C0014,555.09,5
2023-05-19 02:15:29.729729730,Salvador,P0049,C0073,1933.51,4
2023-05-19 11:00:10.810810812,Rio de Janeiro,P0004,C0143,1124.26,5
2023-05-19 19:44:51.891891892,Salvador,P0029,C0149,707.61,2
2023-05-20 04:29:32.972972974,São Paulo,P0022,C0163,1169.33,5
2023-05-20 13:14:14.054054054,Curitiba,P0025,C0066,295.61,3
2023-05-20 21:58:55.135135136,Salvador,P0013,C0091,899.21,4
2023-05-21 06:43:36.216216216,São Paulo,P0018,C0130,1259.94,2
2023-05-21 15:28:17.297297298,Rio de Janeiro,P0033,C0163,988.02,5
2023-05-22 00:12:58.378378378,Rio de Janeiro,P0016,,815.52,4
2023-05-22 08:57:39.459459460,São Paulo,P0045,C0010,1987.82,4
2023-05-22 17:42:20.540540540,Rio de Janeiro,P0042,C0025,1763.02,2
2023-05-23 02:27:01.621621622,São Paulo,P0044,C0194,1254.34,5
2023-05-23 11:11:42.702702704,Salvador,P0002,C0025,1147.37,4
2023-05-23 19:56:23.783783784,Salvador,P0035,C0054,1248.91,4
2023-05-24 04:41:04.864864866,São Paulo,P0042,C0033,418.6,1
2023-05-24 13:25:45.945945946,Salvador,P0034,C0164,802.37,4
2023-05-24 22:10:27.027027028,Salvador,P0030,C0095,98.13,1
2023-05-25 06:55:08.108108108,Salvador,P0013,C0014,961.58,5
2023-05-25 15:39:49.189189190,Belo Horizonte,P0013,C0065,1095.19,5
2023-05-26 00:24:30.270270270,Curitiba,P0018,C0110,470.94,5
2023-05-26 09:09:11.351351352,Rio de Janeiro,P0032,C0080,1928.78,3
2023-05-26 17:53:52.432432432,Belo Horizonte,P0032,,1820.72,5
2023-05-27 02:38:33.513513514,Salvador,P0035,C0125,1449.84,4
2023-05-27 11:23:14.594594594,São Paulo,P0039,C0180,1076.11,2
2023-05-27 20:07:55.675675676,Salvador,P0046,C0131,1742.54,1
2023-05-28 04:52:36.756756758,Curitiba,P0029,C0169,278.69,3
2023-05-28 13:37:17.837837838,Salvador,P0049,C0134,1585.21,5
2023-05-28 22:21:58.918918920,São Paulo,P0029,C0025,267.15,5
2023-05-29 07:06:40.000000000,Curitiba,P0044,C0141,1592.54,2
2023-05-29 15:51:21.081081082,Salvador,P0016,C0117,566.02,2
2023-05-30 00:36:02.162162162,Curitiba,P0044,C0136,1756.64,3
2023-05-30 09:20:43.243243244,Rio de Janeiro,P0047,C0149,1889.2,1
2023-05-30 18:05:24.324324324,Rio de Janeiro,P0010,C0196,314.62,5
2023-05-31 02:50:05.405405406,Salvador,P0030,C0025,936.1,3
2023-05-31 11:34:46.486486486,Curitiba,P0025,C0079,1962.36,4
2023-05-31 20:19:27.567567568,São Paulo,P0039,C0068,977.15,4
2023-06-01 05:04:08.648648650,Salvador,P0020,C0173,1729.82,3
2023-06-01 13:48:49.729729730,Rio de Janeiro,P0005,C0188,1185.69,5
2023-06-01 22:33:30.810810812,Rio de Janeiro,P0001,C0012,763.15,3
2023-06-02 07:18:11.891891892,Salvador,P0030,C0032,585.85,5
2023-06-02 16:02:52.972972974,Curitiba,P0049,C0128,422.38,2
2023-06-03 00:47:34.054054054,Rio de Janeiro,P0003,C0096,1528.36,3
2023-06-03 09:32:15.135135136,Curitiba,P0045,C0092,785.35,5
2023-06-03 18:16:56.216216216,Rio de Janeiro,P0014,C0141,1032.33,3
2023-06-04 03:01:37.297297298,Rio de Janeiro,P0030,,994.8,3
2023-06-04 11:46:18.378378378,Belo Horizonte,P0050,C0078,1163.01,5
2023-06-04 20:30:59.459459460,Rio de Janeiro,P0004,C0020,1733.84,5
2023-06-05 05:15:40.540540540,São Paulo,P0018,C0146,1961.86,1
2023-06-05 14:00:21.621621622,Salvador,P0037,C0060,827.02,3
2023-06-05 22:45:02.702702704,Salvador,P0025,C0191,1658.49,4
2023-06-06 07:29:43.783783784,Curitiba,P0048,C0134,1533.77,3
2023-06-06 16:14:24.864864866,Rio de Janeiro,P0001,C0160,1155.59,3
2023-06-07 00:59:05.945945946,São Paulo,P0046,C0093,1912.97,5
2023-06-07 09:43:47.027027028,Curitiba,P0015,C0043,416.94,3
2023-06-07 18:28:28.108108108,Belo Horizonte,P0009,C0130,236.34,3
2023-06-08 03:13:09.189189190,Curitiba,P0015,C0060,1710.84,4
2023-06-08 11:57:50.270270270,Curitiba,P0049,C0151,889.52,5
2023-06-08 20:42:31.351351352,Rio de Janeiro,P0024,C0031,1697.0,3
2023-06-09 05:27:12.432432432,Belo Horizonte,P0004,C0005,1788.32,2
2023-06-09 14:11:53.513513514,Curitiba,P0012,C0162,143.67,1
2023-06-09 22:56:34.594594596,São Paulo,P0037,C0010,1769.26,4
2023-06-10 07:41:15.675675676,São Paulo,P0037,C0089,907.67,3
2023-06-10 16:25:56.756756758,Salvador,P0043,C0130,1030.66,2
2023-06-11 01:10:37.837837838,Belo Horizonte,P0006,C0126,1260.65,3
2023-06-11 09:55:18.918918920,Belo Horizonte,P0039,C0011,1854.24,3
2023-06-11 18:40:00.000000000,Salvador,P0046,C0178,57.85,5
2023-06-12 03:24:41.081081082,Curitiba,P0024,C0159,964.15,5
2023-06-12 12:09:22.162162162,Belo Horizonte,P0011,,1381.69,5
2023-06-12 20:54:03.243243244,São Paulo,P0013,C0083,1450.96,2
2023-06-13 05:38:44.324324324,São Paulo,P0034,C0137,1391.21,3
2023-06-13 14:23:25.405405406,Rio de Janeiro,P0025,C0099,286.18,1
2023-06-13 23:08:06.486486486,Belo Horizonte,P0007,C0149,612.8,4
2023-06-14 07:52:47.567567568,Curitiba,P0004,C0073,730.26,5
2023-06-14 16:37:28.648648650,Salvador,P0008,C0156,1612.79,5
2023-06-15 01:22:09.729729730,Salvador,P0020,C0190,571.94,3
2023-06-15 10:06:50.810810812,Curitiba,P0029,C0115,437.2,3
2023-06-15 18:51:31.891891892,Rio de Janeiro,P0045,C0007,1915.75,2
2023-06-16 03:36:12.972972974,Salvador,P0046,,37.55,2
2023-06-16 12:20:54.054054054,Belo Horizonte,P0010,C0144,1995.69,5
2023-06-16 21:05:35.135135136,Rio de Janeiro,P0043,C0097,1360.11,3
2023-06-17 05:50:16.216216216,Belo Horizonte,P0034,C0004,1660.37,1
2023-06-17 14:34:57.297297298,São Paulo,P0026,C0004,603.35,4
2023-06-17 23:19:38.378378378,Rio de Janeiro,P0041,C0103,48.34,3
2023-06-18 08:04:19.459459460,Salvador,P0049,C0040,1480.98,3
2023-06-18 16:49:00.540540540,Rio de Janeiro,P0003,C0017,1671.61,2
2023-06-19 01:33:41.621621622,Rio de Janeiro,P0006,C0101,1486.14,4
2023-06-19 10:18:22.702702704,Rio de Janeiro,P0005,C0103,302.84,5
2023-06-19 19:03:03.783783784,Rio de Janeiro,P0005,C0124,1511.79,3
2023-06-20 03:47:44.864864866,Belo Horizonte,P0047,C0052,1542.47,5
2023-06-20 12:32:25.945945946,São Paulo,P0023,C0052,1323.91,3
2023-06-20 21:17:07.027027028,Curitiba,P0049,C0164,1536.91,5
2023-06-21 06:01:48.108108108,Rio de Janeiro,P0009,C0124,1694.92,4
2023-06-21 14:46:29.189189190,Salvador,P0035,C0166,1234.94,2
2023-06-21 23:31:10.270270270,Rio de Janeiro,P0020,C0178,195.44,4
2023-06-22 08:15:51.351351352,Salvador,P0049,C0063,985.5,1
2023-06-22 17:00:32.432432432,Belo Horizonte,P0042,C0116,173.75,2
2023-06-23 01:45:13.513513514,Salvador,P0035,C0191,826.94,4
2023-06-23 10:29:54.594594596,Curitiba,P0050,C0062,826.07,1
2023-06-23 19:14:35.675675676,São Paulo,P0018,C0007,150.7,3
2023-06-24 03:59:16.756756758,Salvador,P0017,C0155,710.66,3
2023-06-24 12:43:57.837837838,Salvador,P0024,C0092,239.78,5
2023-06-24 21:28:38.918918920,São Paulo,P0003,C0014,1620.31,2
2023-06-25 06:13:20.000000000,Curitiba,P0032,C0199,1896.42,3
2023-06-25 14:58:01.081081082,Rio de Janeiro,P0035,C0086,163.19,2
2023-06-25 23:42:42.162162162,Salvador,P0038,C0133,1911.13,3
2023-06-26 08:27:23.243243244,São Paulo,P0013,C0183,1054.7,5
2023-06-26 17:12:04.324324324,Belo Horizonte,P0047,C0130,613.14,4
2023-06-27 01:56:45.405405406,São Paulo,P0025,C0062,172.19,5
2023-06-27 10:41:26.486486486,Belo Horizonte,P0009,C0149,1011.24,1
2023-06-27 19:26:07.567567568,Curitiba,P0004,C0079,1593.14,3
2023-06-28 04:10:48.648648650,Rio de Janeiro,P0014,C0149,1420.03,1
2023-06-28 12:55:29.729729730,São Paulo,P0037,C0138,119.45,1
2023-06-28 21:40:10.810810812,Salvador,P0034,C0058,164.35,2
2023-06-29 06:24:51.891891892,Curitiba,P0011,C0120,817.69,3
2023-06-29 15:09:32.972972974,São Paulo,P0041,C0167,604.68,1
2023-06-29 23:54:14.054054054,Salvador,P0003,C0133,480.12,4
2023-06-30 08:38:55.135135136,São Paulo,P0028,C0065,576.39,1
2023-06-30 17:23:36.216216216,Belo Horizonte,P0029,C0013,1610.9,4
2023-07-01 02:08:17.297297298,São Paulo,P0009,C0181,1859.87,2
2023-07-01 10:52:58.378378378,São Paulo,P0003,C0082,822.1,1
2023-07-01 19:37:39.459459460,São Paulo,P0025,C0173,1814.1,5
2023-07-02 04:22:20.540540542,Curitiba,P0034,C0160,656.56,2
2023-07-02 13:07:01.621621622,São Paulo,P0012,C0164,963.35,4
2023-07-02 21:51:42.702702704,Salvador,P0042,C0188,467.54,2
2023-07-03 06:36:23.783783784,Belo Horizonte,P0009,C0139,1288.14,1
2023-07-03 15:21:04.864864866,Belo Horizonte,P0015,C0191,1958.38,3
2023-07-04 00:05:45.945945946,São Paulo,P0040,C0149,1214.92,3
2023-07-04 08:50:27.027027028,Curitiba,P0025,C0052,728.47,4
2023-07-04 17:35:08.108108108,Curitiba,P0005,C0183,1302.68,4
2023-07-05 02:19:49.189189190,Salvador,P0011,C0117,263.38,3
2023-07-05 11:04:30.270270270,São Paulo,P0034,C0026,1779.54,4
2023-07-05 19:49:11.351351352,Belo Horizonte,P0024,C0196,1016.11,2
2023-07-06 04:33:52.432432432,Curitiba,P0015,C0034,909.71,5
2023-07-06 13:18:33.513513514,São Paulo,P0038,C0052,1180.01,5
2023-07-06 22:03:14.594594596,Curitiba,P0008,C0112,1257.07,2
2023-07-07 06:47:55.675675676,Curitiba,P0005,C0082,162.12,5
2023-07-07 15:32:36.756756758,Belo Horizonte,P0048,C0180,1371.58,1
2023-07-08 00:17:17.837837838,Rio de Janeiro,P0026,C0157,499.02,2
2023-07-08 09:01:58.918918920,Salvador,P0018,C0166,1433.63,4
2023-07-08 17:46:40.000000000,Salvador,P0006,C0042,1648.62,2
2023-07-09 02:31:21.081081082,Belo Horizonte,P0037,C0021,1611.84,3
2023-07-09 11:16:02.162162162,Curitiba,P0048,C0042,1113.95,4
2023-07-09 20:00:43.243243244,São Paulo,P0013,C0141,1049.94,3
2023-07-10 04:45:24.324324324,Curitiba,P0028,C0113,302.89,4
2023-07-10 13:30:05.405405406,Belo Horizonte,P0005,C0105,1555.19,5
2023-07-10 22:14:46.486486486,Salvador,P0013,C0192,557.39,2
2023-07-11 06:59:27.567567568,Curitiba,P0017,C0017,1003.46,1
2023-07-11 15:44:08.648648650,Salvador,P0050,C0120,582.86,4
2023-07-12 00:28:49.729729730,São Paulo,P0040,C0137,284.98,4
2023-07-12 09:13:30.810810812,Salvador,P0045,C0169,1266.52,3
2023-07-12 17:58:11.891891892,Salvador,P0032,C0129,127.58,5
2023-07-13 02:42:52.972972974,Rio de Janeiro,P0029,C0130,1502.32,3
2023-07-13 11:27:34.054054054,Rio de Janeiro,P0003,C0060,648.82,3
2023-07-13 20:12:15.135135136,Rio de Janeiro,P0040,C0048,20.27,5
2023-07-14 04:56:56.216216216,Salvador,P0034,C0029,1032.04,1
2023-07-14 13:41:37.297297298,Belo Horizonte,P0040,C0097,112.77,3
2023-07-14 22:26:18.378378378,Salvador,P0027,C0010,566.82,3
2023-07-15 07:10:59.459459460,Belo Horizonte,P0013,C0058,1419.81,4
2023-07-15 15:55:40.540540542,Belo Horizonte,P0045,C0188,144.13,5
2023-07-16 00:40:21.621621622,Rio de Janeiro,P0033,C0021,1681.89,2
2023-07-16 09:25:02.702702704,Curitiba,P0006,C0028,27.56,1
2023-07-16 18:09:43.783783784,São Paulo,P0024,C0034,508.71,1
2023-07-17 02:54:24.864864866,Rio de Janeiro,P0019,C0008,1486.99,5
2023-07-17 11:39:05.945945946,Rio de Janeiro,P0016,C0187,646.21,4
2023-07-17 20:23:47.027027028,Curitiba,P0040,C0200,221.75,4
2023-07-18 05:08:28.108108108,São Paulo,P0028,C0177,733.26,5
2023-07-18 13:53:09.189189190,Salvador,P0033,C0079,555.38,4
2023-07-18 22:37:50.270270270,Salvador,P0048,C0145,1688.57,1
2023-07-19 07:22:31.351351352,Rio de Janeiro,P0041,C0188,640.43,1
2023-07-19 16:07:12.432432432,São Paulo,P0013,C0087,1582.09,2
2023-07-20 00:51:53.513513514,Rio de Janeiro,P0043,C0088,1785.91,5
2023-07-20 09:36:34.594594596,Belo Horizonte,P0045,C0173,878.96,3
2023-07-20 18:21:15.675675676,Rio de Janeiro,P0025,C0069,1821.69,3
2023-07-21 03:05:56.756756758,Rio de Janeiro,P0042,C0160,767.09,2
2023-07-21 11:50:37.837837838,Salvador,P0036,C0172,1928.88,2
2023-07-21 20:35:18.918918920,Salvador,P0027,C0193,196.79,4
2023-07-22 05:20:00.000000000,Salvador,P0038,C0087,1380.3,2
2023-07-22 14:04:41.081081082,Belo Horizonte,P0007,C0101,997.75,2
2023-07-22 22:49:22.162162162,Salvador,P0005,C0008,787.54,3
2023-07-23 07:34:03.243243244,São Paulo,P0043,C0077,1272.77,4
2023-07-23 16:18:44.324324324,Curitiba,P0045,C0200,1413.64,2
2023-07-24 01:03:25.405405406,São Paulo,P0031,C0087,28.64,2
2023-07-24 09:48:06.486486488,São Paulo,P0023,C0043,350.57,4
2023-07-24 18:32:47.567567568,Salvador,P0042,C0129,1431.83,5
2023-07-25 03:17:28.648648650,Curitiba,P0010,C0109,1339.44,4
2023-07-25 12:02:09.729729730,Curitiba,P0032,C0179,1932.77,3
2023-07-25 20:46:50.810810812,Curitiba,P0043,C0152,1526.85,5
2023-07-26 05:31:31.891891892,Belo Horizonte,P0030,C0152,1902.53,1
2023-07-26 14:16:12.972972974,Salvador,P0039,C0017,1411.03,4
2023-07-26 23:00:54.054054054,Curitiba,P0031,C0133,610.14,3
2023-07-27 07:45:35.135135136,Belo Horizonte,P0018,C0148,228.62,5
2023-07-27 16:30:16.216216216,Rio de Janeiro,P0036,C0021,1568.01,4
2023-07-28 01:14:57.297297298,Rio de Janeiro,P0002,C0058,1295.42,2
2023-07-28 09:59:38.378378378,Belo Horizonte,P0014,C0159,115.41,4
2023-07-28 18:44:19.459459460,Belo Horizonte,P0013,C0110,732.9,1
2023-07-29 03:29:00.540540540,Salvador,P0029,C0139,1914.46,4
2023-07-29 12:13:41.621621624,Salvador,P0012,C0180,1010.79,5
2023-07-29 20:58:22.702702704,Rio de Janeiro,P0039,C0143,876.8,5
2023-07-30 05:43:03.783783784,Curitiba,P0002,C0135,926.25,4
2023-07-30 14:27:44.864864864,Rio de Janeiro,P0032,C0028,433.59,5
2023-07-30 23:12:25.945945948,Curitiba,P0013,C0051,750.04,2
2023-07-31 07:57:07.027027028,Curitiba,P0046,C0186,752.23,4
2023-07-31 16:41:48.108108108,Salvador,P0027,C0005,123.66,2
2023-08-01 01:26:29.189189188,São Paulo,P0049,C0005,1539.78,2
2023-08-01 10:11:10.270270272,São Paulo,P0041,C0094,844.68,3
2023-08-01 18:55:51.351351352,Belo Horizonte,P0017,C0096,1647.92,4
2023-08-02 03:40:32.432432432,Salvador,P0040,C0008,1703.69,5
2023-08-02 12:25:13.513513516,Curitiba,P0031,C0064,439.75,2
2023-08-02 21:09:54.594594596,São Paulo,P0034,C0138,1321.56,3
2023-08-03 05:54:35.675675676,Curitiba,P0024,C0038,955.12,4
2023-08-03 14:39:16.756756756,São Paulo,P0045,C0111,1762.71,4
2023-08-03 23:23:57.837837840,São Paulo,P0035,C0112,447.17,1
2023-08-04 08:08:38.918918920,São Paulo,P0048,C0081,1362.07,1
2023-08-04 16:53:20.000000000,Salvador,P0006,C0136,1223.35,2
2023-08-05 01:38:01.081081080,Rio de Janeiro,P0019,C0104,604.7,1
2023-08-05 10:22:42.162162164,Curitiba,P0030,C0153,290.47,2
2023-08-05 19:07:23.243243244,Salvador,P0007,C0073,1310.25,5
2023-08-06 03:52:04.324324324,Salvador,P0010,C0194,1482.42,2
2023-08-06 12:36:45.405405404,Salvador,P0041,C0178,644.94,1
2023-08-06 21:21:26.486486488,Salvador,P0032,C0195,1296.77,5
2023-08-07 06:06:07.567567568,Salvador,P0034,C0049,802.36,1
2023-08-07 14:50:48.648648648,Belo Horizonte,P0028,C0036,1432.15,2
2023-08-07 23:35:29.729729732,Curitiba,P0015,C0126,414.45,3
2023-08-08 08:20:10.810810812,Salvador,P0030,C0068,1782.63,4
2023-08-08 17:04:51.891891892,Curitiba,P0037,C0078,589.07,1
2023-08-09 01:49:32.972972972,Belo Horizonte,P0029,C0105,748.22,2
2023-08-09 10:34:14.054054056,Belo Horizonte,P0022,C0169,135.02,5
2023-08-09 19:18:55.135135136,Curitiba,P0004,C0122,240.79,1
2023-08-10 04:03:36.216216216,São Paulo,P0020,,1041.41,1
2023-08-10 12:48:17.297297296,Rio de Janeiro,P0032,C0190,549.83,4
2023-08-10 21:32:58.378378380,São Paulo,P0036,C0114,1674.25,2
2023-08-11 06:17:39.459459460,São Paulo,P0050,C0010,49.09,3
2023-08-11 15:02:20.540540540,São Paulo,P0004,C0149,770.61,5
2023-08-11 23:47:01.621621624,Salvador,P0027,C0164,687.94,2
2023-08-12 08:31:42.702702704,Belo Horizonte,P0017,C0140,58.27,5
2023-08-12 17:16:23.783783784,São Paulo,P0012,C0091,266.25,1
2023-08-13 02:01:04.864864864,Belo Horizonte,P0022,C0002,839.01,4
2023-08-13 10:45:45.945945948,Curitiba,P0017,C0118,995.87,4
2023-08-13 19:30:27.027027028,Rio de Janeiro,P0010,C0013,820.49,3
2023-08-14 04:15:08.108108108,Curitiba,P0001,C0181,1071.26,4
2023-08-14 12:59:49.189189188,Curitiba,P0022,C0160,1198.36,1
2023-08-14 21:44:30.270270272,Salvador,P0026,C0095,39.65,3
2023-08-15 06:29:11.351351352,Rio de Janeiro,P0018,C0144,938.91,2
2023-08-15 15:13:52.432432432,Curitiba,P0050,C0032,1927.73,4
2023-08-15 23:58:33.513513516,Curitiba,P0014,,1047.68,3
2023-08-16 08:43:14.594594596,Rio de Janeiro,P0047,C0124,1361.53,1
2023-08-16 17:27:55.675675676,Rio de Janeiro,P0029,C0011,637.49,5
2023-08-17 02:12:36.756756756,Curitiba,P0012,C0010,1552.5,5
2023-08-17 10:57:17.837837840,Rio de Janeiro,P0036,C0015,1550.38,1
2023-08-17 19:41:58.918918920,Curitiba,P0035,C0017,1052.17,1
2023-08-18 04:26:40.000000000,Curitiba,P0012,C0168,1952.51,5
2023-08-18 13:11:21.081081080,Salvador,P0007,C0146,268.59,3
2023-08-18 21:56:02.162162164,São Paulo,P0029,C0183,53.56,5
2023-08-19 06:40:43.243243244,Curitiba,P0011,C0153,1544.91,1
2023-08-19 15:25:24.324324324,Belo Horizonte,P0033,C0059,1618.17,4
2023-08-20 00:10:05.405405408,São Paulo,P0006,C0078,258.01,2
2023-08-20 08:54:46.486486488,São Paulo,P0047,C0124,545.85,4
2023-08-20 17:39:27.567567568,São Paulo,P0015,C0114,54.75,4
2023-08-21 02:24:08.648648648,Salvador,P0032,C0022,600.75,1
2023-08-21 11:08:49.729729732,Curitiba,P0011,C0158,1550.82,5
2023-08-21 19:53:30.810810812,Salvador,P0023,C0172,1045.56,3
2023-08-22 04:38:11.891891892,Curitiba,P0026,C0032,709.23,4
2023-08-22 13:22:52.972972972,Salvador,P0034,C0179,756.04,5
2023-08-22 22:07:34.054054056,Salvador,P0046,C0174,22.68,3
2023-08-23 06:52:15.135135136,Belo Horizonte,P0034,C0113,613.61,4
2023-08-23 15:36:56.216216216,Salvador,P0029,C0120,1299.99,3
2023-08-24 00:21:37.297297296,Rio de Janeiro,P0004,C0149,1948.9,5
2023-08-24 09:06:18.378378380,Belo Horizonte,P0017,C0122,1697.18,2
2023-08-24 17:50:59.459459460,Salvador,P0035,C0032,66.72,5
2023-08-25 02:35:40.540540540,São Paulo,P0013,C0119,1799.15,1
2023-08-25 11:20:21.621621624,Rio de Janeiro,P0041,C0039,1570.73,3
2023-08-25 20:05:02.702702704,Rio de Janeiro,P0039,,1565.14,2
2023-08-26 04:49:43.783783784,Rio de Janeiro,P0015,C0175,926.83,3
2023-08-26 13:34:24.864864864,Belo Horizonte,P0029,C0018,808.05,3
2023-08-26 22:19:05.945945948,Salvador,P0029,C0149,619.77,4
2023-08-27 07:03:47.027027028,Salvador,P0011,C0141,150.08,1
2023-08-27 15:48:28.108108108,São Paulo,P0032,C0149,471.91,3
2023-08-28 00:33:09.189189188,São Paulo,P0002,C0126,508.28,5
2023-08-28 09:17:50.270270272,Rio de Janeiro,P0047,C0136,978.47,5
2023-08-28 18:02:31.351351352,São Paulo,P0014,C0046,1499.94,4
2023-08-29 02:47:12.432432432,Belo Horizonte,P0020,C0104,958.14,1
2023-08-29 11:31:53.513513516,Salvador,P0022,C0135,134.53,1
2023-08-29 20:16:34.594594596,Rio de Janeiro,P0011,C0151,1916.42,5
2023-08-30 05:01:15.675675676,São Paulo,P0027,C0086,1886.59,2
2023-08-30 13:45:56.756756756,Belo Horizonte,P0003,C0150,1574.68,4
2023-08-30 22:30:37.837837840,Belo Horizonte,P0017,C0089,1982.83,4
2023-08-31 07:15:18.918918920,São Paulo,P0044,C0022,1098.08,5
2023-08-31 16:00:00.000000000,Salvador,P0028,C0092,1926.28,5
2023-09-01 00:44:41.081081080,São Paulo,P0029,C0029,169.7,2
2023-09-01 09:29:22.162162164,Rio de Janeiro,P0021,C0013,744.05,2
2023-09-01 18:14:03.243243244,São Paulo,P0047,C0002,466.25,1
2023-09-02 02:58:44.324324324,Belo Horizonte,P0016,C0029,407.75,4
2023-09-02 11:43:25.405405408,São Paulo,P0037,C0180,298.79,4
2023-09-02 20:28:06.486486488,Salvador,P0020,C0027,1252.38,5
2023-09-03 05:12:47.567567568,Curitiba,P0006,C0050,1567.02,1
2023-09-03 13:57:28.648648648,São Paulo,P0019,C0095,1165.03,4
2023-09-03 22:42:09.729729732,Salvador,P0005,C0151,310.99,1
2023-09-04 07:26:50.810810812,Salvador,P0003,C0088,1626.03,1
2023-09-04 16:11:31.891891892,Belo Horizonte,P0001,C0044,1279.19,5
2023-09-05 00:56:12.972972972,Salvador,P0038,C0022,788.57,1
2023-09-05 09:40:54.054054056,Salvador,P0015,C0171,1354.78,2
2023-09-05 18:25:35.135135136,Salvador,P0034,C0165,534.61,2
2023-09-06 03:10:16.216216216,Salvador,P0035,C0189,703.48,3
2023-09-06 11:54:57.297297296,Rio de Janeiro,P0049,C0097,1836.62,5
2023-09-06 20:39:38.378378380,Rio de Janeiro,P0025,C0184,595.2,3
2023-09-07 05:24:19.459459460,Belo Horizonte,P0024,C0003,950.58,2
2023-09-07 14:09:00.540540540,São Paulo,P0012,C0191,1782.48,3
2023-09-07 22:53:41.621621624,Salvador,P0018,C0118,1421.29,5
2023-09-08 07:38:22.702702704,São Paulo,P0015,C0019,143.16,5
2023-09-08 16:23:03.783783784,São Paulo,P0044,C0023,311.66,1
2023-09-09 01:07:44.864864864,Belo Horizonte,P0016,C0157,35.53,4
2023-09-09 09:52:25.945945948,Salvador,P0027,C0030,1269.23,1
2023-09-09 18:37:07.027027028,Salvador,P0008,C0039,906.39,5
2023-09-10 03:21:48.108108108,Curitiba,P0046,C0108,285.86,2
2023-09-10 12:06:29.189189188,São Paulo,P0025,C0111,1916.71,2
2023-09-10 20:51:10.270270272,São Paulo,P0017,C0025,1068.73,1
2023-09-11 05:35:51.351351352,Rio de Janeiro,P0029,C0128,498.95,5
2023-09-11 14:20:32.432432432,Curitiba,P0008,C0111,1011.2,2
2023-09-11 23:05:13.513513516,Rio de Janeiro,P0015,C0136,1365.65,5
2023-09-12 07:49:54.594594596,Rio de Janeiro,P0027,C0106,170.95,2
2023-09-12 16:34:35.675675676,Rio de Janeiro,P0046,C0186,563.91,5
2023-09-13 01:19:16.756756756,Belo Horizonte,P0050,C0144,1617.79,3
2023-09-13 10:03:57.837837840,Belo Horizonte,P0007,C0072,930.14,5
2023-09-13 18:48:38.918918920,Rio de Janeiro,P0003,C0129,1102.22,5
2023-09-14 03:33:20.000000000,Curitiba,P0029,C0108,876.98,1
2023-09-14 12:18:01.081081080,São Paulo,P0044,C0005,106.92,3
2023-09-14 21:02:42.162162164,Curitiba,P0024,C0003,348.18,4
2023-09-15 05:47:23.243243244,Salvador,P0003,C0193,902.17,1
2023-09-15 14:32:04.324324324,Belo Horizonte,P0020,C0132,434.19,4
2023-09-15 23:16:45.405405408,São Paulo,P0046,C0104,118.96,2
2023-09-16 08:01:26.486486488,São Paulo,P0015,C0064,1690.43,4
2023-09-16 16:46:07.567567568,Salvador,P0025,C0106,1962.76,5
2023-09-17 01:30:48.648648648,Salvador,P0030,C0098,1590.42,4
2023-09-17 10:15:29.729729732,Rio de Janeiro,P0014,C0010,1710.49,1
2023-09-17 19:00:10.810810812,Belo Horizonte,P0007,C0149,499.11,1
2023-09-18 03:44:51.891891892,Belo Horizonte,P0017,C0128,1922.04,4
2023-09-18 12:29:32.972972972,Curitiba,P0044,C0046,409.91,1
2023-09-18 21:14:14.054054056,Rio de Janeiro,P0020,C0155,1903.83,1
2023-09-19 05:58:55.135135136,Rio de Janeiro,P0036,C0066,1989.74,4
2023-09-19 14:43:36.216216216,Rio de Janeiro,P0009,C0169,1429.21,3
2023-09-19 23:28:17.297297296,Rio de Janeiro,P0038,C0112,1962.66,3
2023-09-20 08:12:58.378378380,Belo Horizonte,P0048,C0013,1147.69,2
2023-09-20 16:57:39.459459460,Belo Horizonte,P0022,C0137,533.89,1
2023-09-21 01:42:20.540540540,Rio de Janeiro,P0002,C0164,885.25,4
2023-09-21 10:27:01.621621624,Curitiba,P0024,C0086,1195.25,1
2023-09-21 19:11:42.702702704,São Paulo,P0008,C0090,164.7,5
2023-09-22 03:56:23.783783784,São Paulo,P0011,C0058,1252.24,1
2023-09-22 12:41:04.864864864,Curitiba,P0013,C0054,1962.73,1
2023-09-22 21:25:45.945945948,Rio de Janeiro,P0017,C0012,396.41,3
2023-09-23 06:10:27.027027028,Belo Horizonte,P0008,C0014,1589.34,4
2023-09-23 14:55:08.108108108,São Paulo,P0021,C0121,1817.64,1
2023-09-23 23:39:49.189189188,Salvador,P0018,C0162,1888.53,3
2023-09-24 08:24:30.270270272,Salvador,P0030,C0181,1921.07,2
2023-09-24 17:09:11.351351352,Curitiba,P0018,C0121,1052.49,3
2023-09-25 01:53:52.432432432,Rio de Janeiro,P0046,C0020,1955.07,3
2023-09-25 10:38:33.513513516,São Paulo,P0047,C0075,1519.47,3
2023-09-25 19:23:14.594594596,Rio de Janeiro,P0031,C0144,340.11,1
2023-09-26 04:07:55.675675676,São Paulo,P0038,C0070,964.26,1
2023-09-26 12:52:36.756756756,Curitiba,P0032,C0056,1442.3,2
2023-09-26 21:37:17.837837840,Curitiba,P0011,C0101,509.73,5
2023-09-27 06:21:58.918918920,Salvador,P0045,C0186,1288.42,5
2023-09-27 15:06:40.000000000,Rio de Janeiro,P0025,,1339.87,5
2023-09-27 23:51:21.081081080,Salvador,P0033,C0111,342.15,2
2023-09-28 08:36:02.162162164,Rio de Janeiro,P0038,C0125,1138.87,5
2023-09-28 17:20:43.243243244,Salvador,P0041,C0132,1547.82,5
2023-09-29 02:05:24.324324324,Belo Horizonte,P0008,C0020,1007.81,3
2023-09-29 10:50:05.405405408,Belo Horizonte,P0011,C0138,43.96,1
2023-09-29 19:34:46.486486488,Belo Horizonte,P0022,C0024,37.9,1
2023-09-30 04:19:27.567567568,Belo Horizonte,P0024,C0154,726.92,3
2023-09-30 13:04:08.648648648,São Paulo,P0041,C0037,1853.86,3
2023-09-30 21:48:49.729729732,Belo Horizonte,P0017,C0054,472.78,3
2023-10-01 06:33:30.810810812,Curitiba,P0012,C0103,1276.04,1
2023-10-01 15:18:11.891891892,Curitiba,P0046,C0149,459.71,5
2023-10-02 00:02:52.972972972,São Paulo,P0032,C0038,656.91,3
2023-10-02 08:47:34.054054056,Belo Horizonte,P0015,C0174,1699.12,2
2023-10-02 17:32:15.135135136,Belo Horizonte,P0016,C0004,1463.15,3
2023-10-03 02:16:56.216216216,Belo Horizonte,P0022,C0188,208.89,4
2023-10-03 11:01:37.297297300,Salvador,P0028,C0057,868.83,3
2023-10-03 19:46:18.378378380,Rio de Janeiro,P0020,C0173,77.76,1
2023-10-04 04:30:59.459459460,Salvador,P0033,C0020,972.16,3
2023-10-04 13:15:40.540540540,Rio de Janeiro,P0010,C0017,1331.62,4
2023-10-04 22:00:21.621621624,Belo Horizonte,P0040,C0119,254.64,2
2023-10-05 06:45:02.702702704,Belo Horizonte,P0032,C0071,591.99,5
2023-10-05 15:29:43.783783784,Salvador,P0050,C0004,807.72,3
2023-10-06 00:14:24.864864864,Salvador,P0033,C0014,1840.67,4
2023-10-06 08:59:05.945945948,Rio de Janeiro,P0002,C0003,1986.64,4
2023-10-06 17:43:47.027027028,Curitiba,P0033,C0080,108.92,2
2023-10-07 02:28:28.108108108,Rio de Janeiro,P0033,C0186,1526.8,1
2023-10-07 11:13:09.189189188,Salvador,P0041,C0055,756.01,3
2023-10-07 19:57:50.270270272,Salvador,P0013,C0132,797.07,4
2023-10-08 04:42:31.351351352,São Paulo,P0030,C0120,1513.44,2
2023-10-08 13:27:12.432432432,Salvador,P0033,C0024,1838.48,5
2023-10-08 22:11:53.513513516,São Paulo,P0013,C0162,1902.84,4
2023-10-09 06:56:34.594594596,Curitiba,P0026,C0158,1162.7,2
2023-10-09 15:41:15.675675676,Rio de Janeiro,P0022,C0082,727.1,1
2023-10-10 00:25:56.756756756,Rio de Janeiro,P0039,C0147,1579.35,1
2023-10-10 09:10:37.837837840,São Paulo,P0002,C0159,516.98,4
2023-10-10 17:55:18.918918920,Rio de Janeiro,P0038,C0188,1136.87,4
2023-10-11 02:40:00.000000000,Salvador,P0039,C0060,729.99,3
2023-10-11 11:24:41.081081080,Belo Horizonte,P0026,C0147,1320.13,2
2023-10-11 20:09:22.162162164,São Paulo,P0046,C0049,495.99,4
2023-10-12 04:54:03.243243244,Rio de Janeiro,P0050,C0063,399.35,3
2023-10-12 13:38:44.324324324,São Paulo,P0015,C0110,1838.11,3
2023-10-12 22:23:25.405405408,São Paulo,P0034,,221.57,4
2023-10-13 07:08:06.486486488,Belo Horizonte,P0042,C0152,1021.8,1
2023-10-13 15:52:47.567567568,Salvador,P0044,C0109,457.29,2
2023-10-14 00:37:28.648648648,São Paulo,P0049,C0076,97.08,2
2023-10-14 09:22:09.729729732,Rio de Janeiro,P0040,C0030,91.32,1
2023-10-14 18:06:50.810810812,Curitiba,P0011,C0058,366.94,4
2023-10-15 02:51:31.891891892,São Paulo,P0003,C0117,1736.21,2
2023-10-15 11:36:12.972972972,São Paulo,P0006,C0159,579.31,4
2023-10-15 20:20:54.054054056,Belo Horizonte,P0009,C0100,1901.91,4
2023-10-16 05:05:35.135135136,Salvador,P0006,C0192,1171.61,3
2023-10-16 13:50:16.216216216,Curitiba,P0009,C0019,884.5,1
2023-10-16 22:34:57.297297300,Rio de Janeiro,P0039,C0176,1168.58,4
2023-10-17 07:19:38.378378380,Curitiba,P0031,C0173,1043.06,5
2023-10-17 16:04:19.459459460,Rio de Janeiro,P0032,C0094,1522.38,1
2023-10-18 00:49:00.540540540,Salvador,P0041,C0183,579.34,2
2023-10-18 09:33:41.621621624,Rio de Janeiro,P0050,C0113,719.04,3
2023-10-18 18:18:22.702702704,Belo Horizonte,P0012,C0183,1790.31,2
2023-10-19 03:03:03.783783784,Belo Horizonte,P0008,C0146,1893.98,2
2023-10-19 11:47:44.864864864,Belo Horizonte,P0008,C0063,1787.27,1
2023-10-19 20:32:25.945945948,Belo Horizonte,P0050,C0116,850.51,2
2023-10-20 05:17:07.027027028,Curitiba,P0028,C0113,1565.12,4
2023-10-20 14:01:48.108108108,Salvador,P0020,C0047,963.14,2
2023-10-20 22:46:29.189189188,Rio de Janeiro,P0047,C0057,1005.13,3
2023-10-21 07:31:10.270270272,Rio de Janeiro,P0007,C0118,425.27,3
2023-10-21 16:15:51.351351352,Belo Horizonte,P0011,C0045,1190.44,5
2023-10-22 01:00:32.432432432,Belo Horizonte,P0020,C0161,388.55,3
2023-10-22 09:45:13.513513516,São Paulo,P0016,C0145,676.5,2
2023-10-22 18:29:54.594594596,Salvador,P0004,C0198,1712.96,3
2023-10-23 03:14:35.675675676,Curitiba,P0006,,430.01,1
2023-10-23 11:59:16.756756756,Rio de Janeiro,P0022,C0148,160.89,3
2023-10-23 20:43:57.837837840,São Paulo,P0026,C0047,156.64,4
2023-10-24 05:28:38.918918920,São Paulo,P0003,C0143,1882.75,1
2023-10-24 14:13:20.000000000,Rio de Janeiro,P0041,C0198,1023.7,5
2023-10-24 22:58:01.081081080,Curitiba,P0042,C0047,830.64,4
2023-10-25 07:42:42.162162164,São Paulo,P0014,C0078,1625.54,2
2023-10-25 16:27:23.243243244,São Paulo,P0011,C0124,1674.94,2
2023-10-26 01:12:04.324324324,Salvador,P0018,C0075,677.74,2
2023-10-26 09:56:45.405405408,Curitiba,P0012,C0103,1393.36,4
2023-10-26 18:41:26.486486488,São Paulo,P0023,C0137,1546.82,4
2023-10-27 03:26:07.567567568,Curitiba,P0012,C0090,1316.21,4
2023-10-27 12:10:48.648648648,Rio de Janeiro,P0013,C0144,320.16,1
2023-10-27 20:55:29.729729732,Belo Horizonte,P0025,C0069,1754.25,1
2023-10-28 05:40:10.810810812,São Paulo,P0045,C0061,1087.41,2
2023-10-28 14:24:51.891891892,Salvador,P0019,C0138,579.3,3
2023-10-28 23:09:32.972972972,Rio de Janeiro,P0046,C0050,861.95,2
2023-10-29 07:54:14.054054056,Curitiba,P0036,C0003,94.39,5
2023-10-29 16:38:55.135135136,Rio de Janeiro,P0045,C0107,273.18,1
2023-10-30 01:23:36.216216216,São Paulo,P0008,C0113,1535.78,4
2023-10-30 10:08:17.297297300,Curitiba,P0029,C0094,20.02,1
2023-10-30 18:52:58.378378380,Belo Horizonte,P0032,C0118,844.8,4
2023-10-31 03:37:39.459459460,Rio de Janeiro,P0044,C0198,1054.57,5
2023-10-31 12:22:20.540540540,São Paulo,P0018,C0081,128.18,5
2023-10-31 21:07:01.621621624,Salvador,P0006,,1946.69,1
2023-11-01 05:51:42.702702704,Curitiba,P0018,C0051,467.73,4
2023-11-01 14:36:23.783783784,Rio de Janeiro,P0019,C0147,622.31,5
2023-11-01 23:21:04.864864864,Rio de Janeiro,P0022,C0170,621.81,2
2023-11-02 08:05:45.945945948,Belo Horizonte,P0037,C0035,476.22,2
2023-11-02 16:50:27.027027028,Belo Horizonte,P0032,C0046,22.92,4
2023-11-03 01:35:08.108108108,Salvador,P0041,C0154,1464.1,1
2023-11-03 10:19:49.189189188,Salvador,P0003,C0069,1934.35,5
2023-11-03 19:04:30.270270272,São Paulo,P0028,C0093,464.1,1
2023-11-04 03:49:11.351351352,São Paulo,P0010,C0064,1332.83,2
2023-11-04 12:33:52.432432432,Salvador,P0035,C0165,1488.95,5
2023-11-04 21:18:33.513513516,Salvador,P0029,C0049,1699.88,1
2023-11-05 06:03:14.594594596,Curitiba,P0015,C0149,856.81,3
2023-11-05 14:47:55.675675676,Belo Horizonte,P0033,C0074,619.8,4
2023-11-05 23:32:36.756756756,São Paulo,P0007,C0192,664.08,4
2023-11-06 08:17:17.837837840,Belo Horizonte,P0012,C0005,1430.99,3
2023-11-06 17:01:58.918918920,Belo Horizonte,P0049,C0100,1637.22,2
2023-11-07 01:46:40.000000000,Salvador,P0030,C0070,379.6,5
2023-11-07 10:31:21.081081080,Curitiba,P0021,C0090,754.46,4
2023-11-07 19:16:02.162162164,Rio de Janeiro,P0031,C0004,1805.84,3
2023-11-08 04:00:43.243243244,Curitiba,P0024,C0126,1617.25,3
2023-11-08 12:45:24.324324324,Curitiba,P0020,C0039,1970.02,2
2023-11-08 21:30:05.405405408,Belo Horizonte,P0037,C0163,1513.41,2
2023-11-09 06:14:46.486486488,Curitiba,P0004,C0129,798.53,1
2023-11-09 14:59:27.567567568,São Paulo,P0028,C0024,1189.46,4
2023-11-09 23:44:08.648648648,Belo Horizonte,P0044,C0057,1328.81,1
2023-11-10 08:28:49.729729732,São Paulo,P0020,C0100,175.34,3
2023-11-10 17:13:30.810810812,Rio de Janeiro,P0024,C0070,1098.1,5
2023-11-11 01:58:11.891891892,Belo Horizonte,P0050,C0041,1424.46,5
2023-11-11 10:42:52.972972972,Rio de Janeiro,P0049,C0182,351.3,2
2023-11-11 19:27:34.054054056,Belo Horizonte,P0032,C0174,1565.65,5
2023-11-12 04:12:15.135135136,Salvador,P0041,C0060,1175.87,5
2023-11-12 12:56:56.216216216,Curitiba,P0036,C0108,1905.4,5
2023-11-12 21:41:37.297297300,Salvador,P0034,C0188,104.0,3
2023-11-13 06:26:18.378378380,Rio de Janeiro,P0036,C0057,545.35,5
2023-11-13 15:10:59.459459460,Curitiba,P0002,C0031,1211.08,5
2023-11-13 23:55:40.540540540,Belo Horizonte,P0015,C0084,607.19,5
2023-11-14 08:40:21.621621624,Curitiba,P0034,C0152,1434.56,1
2023-11-14 17:25:02.702702704,São Paulo,P0036,C0036,1522.83,3
2023-11-15 02:09:43.783783784,Curitiba,P0006,C0158,222.98,2
2023-11-15 10:54:24.864864864,São Paulo,P0039,C0152,1037.43,1
2023-11-15 19:39:05.945945948,Curitiba,P0042,C0108,1027.6,4
2023-11-16 04:23:47.027027028,São Paulo,P0012,C0106,751.18,3
2023-11-16 13:08:28.108108108,Rio de Janeiro,P0003,C0158,1867.19,3
2023-11-16 21:53:09.189189192,Salvador,P0045,C0086,1658.46,4
2023-11-17 06:37:50.270270272,Belo Horizonte,P0018,C0135,1400.47,4
2023-11-17 15:22:31.351351352,Curitiba,P0040,C0163,1434.37,4
2023-11-18 00:07:12.432432432,Salvador,P0021,C0183,934.2,2
2023-11-18 08:51:53.513513516,Belo Horizonte,P0015,C0014,1843.57,5
2023-11-18 17:36:34.594594596,Belo Horizonte,P0033,C0120,1395.3,3
2023-11-19 02:21:15.675675676,São Paulo,P0035,C0138,1463.38,5
2023-11-19 11:05:56.756756756,Rio de Janeiro,P0026,C0080,1726.15,5
2023-11-19 19:50:37.837837840,Rio de Janeiro,P0008,C0144,562.66,4
2023-11-20 04:35:18.918918920,Salvador,P0036,C0182,1618.0,2
2023-11-20 13:20:00.000000000,Rio de Janeiro,P0048,C0106,406.58,1
2023-11-20 22:04:41.081081080,Curitiba,P0030,,703.78,2
2023-11-21 06:49:22.162162164,Rio de Janeiro,P0023,,684.51,5
2023-11-21 15:34:03.243243244,Salvador,P0042,C0073,1957.48,2
2023-11-22 00:18:44.324324324,Rio de Janeiro,P0044,C0045,1715.94,4
2023-11-22 09:03:25.405405408,Curitiba,P0014,C0184,1408.32,1
2023-11-22 17:48:06.486486488,São Paulo,P0014,C0107,1459.57,4
2023-11-23 02:32:47.567567568,Salvador,P0002,C0084,1132.9,1
2023-11-23 11:17:28.648648648,São Paulo,P0037,C0082,1895.24,5
2023-11-23 20:02:09.729729732,São Paulo,P0005,C0107,1002.59,1
2023-11-24 04:46:50.810810812,São Paulo,P0038,C0185,773.43,1
2023-11-24 13:31:31.891891892,Belo Horizonte,P0045,C0021,342.81,1
2023-11-24 22:16:12.972972972,Belo Horizonte,P0041,C0196,1576.69,2
2023-11-25 07:00:54.054054056,São Paulo,P0047,C0178,1474.2,2
2023-11-25 15:45:35.135135136,Salvador,P0014,C0161,781.02,5
2023-11-26 00:30:16.216216216,Curitiba,P0039,C0007,69.88,1
2023-11-26 09:14:57.297297300,Curitiba,P0025,C0070,1681.21,3
2023-11-26 17:59:38.378378380,Rio de Janeiro,P0020,C0127,42.61,5
2023-11-27 02:44:19.459459460,Salvador,P0002,C0143,1413.33,1
2023-11-27 11:29:00.540540540,Belo Horizonte,P0039,C0160,1941.11,1
2023-11-27 20:13:41.621621624,São Paulo,P0006,C0148,886.57,2
2023-11-28 04:58:22.702702704,Rio de Janeiro,P0017,C0143,485.25,5
2023-11-28 13:43:03.783783784,Curitiba,P0025,C0176,1415.64,1
2023-11-28 22:27:44.864864864,Belo Horizonte,P0028,C0199,1637.91,1
2023-11-29 07:12:25.945945948,Belo Horizonte,P0002,C0149,1101.93,5
2023-11-29 15:57:07.027027028,São Paulo,P0035,C0170,1934.73,3
2023-11-30 00:41:48.108108108,Curitiba,P0037,C0154,122.3,5
2023-11-30 09:26:29.189189192,Salvador,P0005,C0120,1019.5,5
2023-11-30 18:11:10.270270272,Belo Horizonte,P0001,C0128,1442.54,3
2023-12-01 02:55:51.351351352,São Paulo,P0040,C0142,1728.03,5
2023-12-01 11:40:32.432432432,Salvador,P0012,C0057,374.93,1
2023-12-01 20:25:13.513513516,Curitiba,P0036,C0165,1604.01,5
2023-12-02 05:09:54.594594596,Belo Horizonte,P0045,C0058,1114.36,3
2023-12-02 13:54:35.675675676,Salvador,P0023,C0021,805.18,4
2023-12-02 22:39:16.756756756,Salvador,P0047,C0082,280.8,5
2023-12-03 07:23:57.837837840,Salvador,P0031,C0069,1733.29,2
2023-12-03 16:08:38.918918920,Belo Horizonte,P0011,C0131,331.4,1
2023-12-04 00:53:20.000000000,Belo Horizonte,P0010,C0087,633.38,1
2023-12-04 09:38:01.081081080,Rio de Janeiro,P0003,C0165,594.29,2
2023-12-04 18:22:42.162162164,Curitiba,P0014,C0049,1745.4,2
2023-12-05 03:07:23.243243244,São Paulo,P0016,C0147,1351.95,5
2023-12-05 11:52:04.324324324,Salvador,P0010,C0115,1597.43,2
2023-12-05 20:36:45.405405408,Rio de Janeiro,P0029,C0089,515.93,4
2023-12-06 05:21:26.486486488,São Paulo,P0010,C0085,1257.25,3
2023-12-06 14:06:07.567567568,Rio de Janeiro,P0012,C0128,1152.06,2
2023-12-06 22:50:48.648648648,Belo Horizonte,P0030,C0140,1669.0,2
2023-12-07 07:35:29.729729732,Salvador,P0041,C0189,1814.05,4
2023-12-07 16:20:10.810810812,São Paulo,P0001,C0169,44.07,1
2023-12-08 01:04:51.891891892,São Paulo,P0005,C0161,1354.56,1
2023-12-08 09:49:32.972972972,São Paulo,P0020,C0178,122.63,5
2023-12-08 18:34:14.054054056,São Paulo,P0008,C0117,1106.74,4
2023-12-09 03:18:55.135135136,São Paulo,P0043,C0196,589.51,3
2023-12-09 12:03:36.216216216,Rio de Janeiro,P0012,C0127,627.42,3
2023-12-09 20:48:17.297297300,Salvador,P0001,C0071,718.86,4
2023-12-10 05:32:58.378378380,Belo Horizonte,P0020,C0086,1250.16,3
2023-12-10 14:17:39.459459460,Belo Horizonte,P0028,C0033,681.42,1
2023-12-10 23:02:20.540540540,Belo Horizonte,P0043,C0081,1470.74,3
2023-12-11 07:47:01.621621624,Belo Horizonte,P0037,C0152,820.96,3
2023-12-11 16:31:42.702702704,Rio de Janeiro,P0047,C0061,155.34,4
2023-12-12 01:16:23.783783784,Curitiba,P0037,C0061,1571.84,4
2023-12-12 10:01:04.864864864,Salvador,P0012,C0098,585.8,3
2023-12-12 18:45:45.945945948,São Paulo,P0037,C0028,876.88,2
2023-12-13 03:30:27.027027028,Curitiba,P0049,C0186,1377.18,4
2023-12-13 12:15:08.108108108,Belo Horizonte,P0049,C0043,678.26,5
2023-12-13 20:59:49.189189192,Curitiba,P0044,C0169,132.04,5
2023-12-14 05:44:30.270270272,Salvador,P0028,C0167,760.36,1
2023-12-14 14:29:11.351351352,São Paulo,P0047,C0086,1890.01,3
2023-12-14 23:13:52.432432432,São Paulo,P0015,C0177,1290.63,2
2023-12-15 07:58:33.513513516,Salvador,P0006,C0017,1349.53,1
2023-12-15 16:43:14.594594596,Salvador,P0044,C0098,1271.92,3
2023-12-16 01:27:55.675675676,Belo Horizonte,P0020,C0198,414.0,4
2023-12-16 10:12:36.756756756,São Paulo,P0050,C0198,848.3,5
2023-12-16 18:57:17.837837840,Curitiba,P0014,C0098,1506.86,2
2023-12-17 03:41:58.918918920,Rio de Janeiro,P0002,C0065,220.72,5
2023-12-17 12:26:40.000000000,Rio de Janeiro,P0009,C0074,570.15,4
2023-12-17 21:11:21.081081080,Salvador,P0037,C0085,567.11,3
2023-12-18 05:56:02.162162164,Belo Horizonte,P0020,C0005,875.4,4
2023-12-18 14:40:43.243243244,Rio de Janeiro,P0026,C0002,1961.13,4
2023-12-18 23:25:24.324324324,São Paulo,P0029,C0022,153.66,5
2023-12-19 08:10:05.405405408,Salvador,P0001,C0112,1047.03,2
2023-12-19 16:54:46.486486488,Curitiba,P0035,C0057,375.14,4
2023-12-20 01:39:27.567567568,Salvador,P0006,C0066,1941.94,5
2023-12-20 10:24:08.648648648,Curitiba,P0037,C0074,244.34,2
2023-12-20 19:08:49.729729732,Salvador,P0005,C0098,819.13,3
2023-12-21 03:53:30.810810812,Salvador,P0033,C0144,1481.01,3
2023-12-21 12:38:11.891891892,Salvador,P0049,C0112,1415.02,1
2023-12-21 21:22:52.972972972,Curitiba,P0014,C0179,857.0,5
2023-12-22 06:07:34.054054056,Curitiba,P0012,C0125,706.12,2
2023-12-22 14:52:15.135135136,Salvador,P0042,C0167,807.27,4
2023-12-22 23:36:56.216216216,Rio de Janeiro,P0020,C0086,543.27,3
2023-12-23 08:21:37.297297300,Belo Horizonte,P0050,C0076,426.56,2
2023-12-23 17:06:18.378378380,Belo Horizonte,P0024,C0088,976.42,5
2023-12-24 01:50:59.459459460,Belo Horizonte,P0043,C0168,551.7,1
2023-12-24 10:35:40.540540540,Curitiba,P0034,C0038,589.17,3
2023-12-24 19:20:21.621621624,Curitiba,P0025,C0188,1320.38,2
2023-12-25 04:05:02.702702704,Rio de Janeiro,P0050,C0059,1937.7,2
2023-12-25 12:49:43.783783784,Belo Horizonte,P0029,C0138,1215.2,2
2023-12-25 21:34:24.864864864,Belo Horizonte,P0039,C0099,172.42,5
2023-12-26 06:19:05.945945948,Salvador,P0031,C0192,169.66,5
2023-12-26 15:03:47.027027028,Curitiba,P0047,C0063,1903.82,5
2023-12-26 23:48:28.108108108,Belo Horizonte,P0043,C0049,608.64,4
2023-12-27 08:33:09.189189192,Rio de Janeiro,P0050,C0192,202.29,2
2023-12-27 17:17:50.270270272,Rio de Janeiro,P0023,C0032,1206.11,3
2023-12-28 02:02:31.351351352,Belo Horizonte,P0044,C0135,1254.82,5
2023-12-28 10:47:12.432432432,Curitiba,P0038,C0021,1304.04,5
2023-12-28 19:31:53.513513516,Rio de Janeiro,P0020,C0020,549.46,2
2023-12-29 04:16:34.594594596,Salvador,P0023,C0154,49.92,5
2023-12-29 13:01:15.675675676,Rio de Janeiro,P0045,C0127,1930.73,4
2023-12-29 21:45:56.756756756,São Paulo,P0016,C0068,516.77,4
2023-12-30 06:30:37.837837840,São Paulo,P0050,C0110,1358.53,5
2023-12-30 15:15:18.918918920,Curitiba,P0042,C0116,1419.13,2
2023-12-31 00:00:00.000000000,Belo Horizonte,P0008,C0143,1227.81,2
2023-01-30 12:19:27.567567567,São Paulo,P0030,C0172,1655.44,2
2023-05-09 14:53:41.621621622,Curitiba,P0029,C0154,1802.16,5
2023-06-21 14:46:29.189189190,Salvador,P0035,C0166,1234.94,2
2023-07-29 20:58:22.702702704,Rio de Janeiro,P0039,C0143,876.8,5
2023-08-08 08:20:10.810810812,Salvador,P0030,C0068,1782.63,4
2023-12-28 02:02:31.351351352,Belo Horizonte,P0044,C0135,1254.82,5
2023-09-14 03:33:20.000000000,Curitiba,P0029,C0108,876.98,1
2023-05-27 20:07:55.675675676,Salvador,P0046,C0131,1742.54,1
2023-07-12 09:13:30.810810812,Salvador,P0045,C0169,1266.52,3
2023-11-02 08:05:45.945945948,Belo Horizonte,P0037,C0035,476.22,2
